Atlanta Hawks, Mike Budenholzer,1,Southeast +G,	24,	Bazemore, Kent,	6 ft 5 in, 201 lb,1989-07-01,	Old Dominion+G,	10,	Hardaway Jr., Tim,	6 ft 6 in,	205 lb,1992-03-16,	Michigan+F,	7,	Holiday, Justin,	6 ft 6 in, 185 lb,	1989-04-05,	Washington+F/C,	15,	Horford, Al,	6 ft 9 in, 245 lb, 1986-06-03,	Florida+G/F,	26,	Korver, Kyle,	6 ft 7 in, 212 lb,	1981-03-17,	Creighton+G,	8,	Mack, Shelvin,	6 ft 3 in, 203 lb,	1990-04-22,	Butler+F,	4,	Millsap, Paul, 6 ft 7 in,	246 lb,	1985-02-10,	Louisiana Tech+F/C,	31,	Muscala, Mike,	6 ft 11 in,	240 lb, 1991-07-01,	Bucknell+G/F,	13,	Patterson, Lamar,	6 ft 5 in,	225 lb,	1991-08-12,Pittsburgh+G,	17,	Schröder, Dennis,	6 ft 0 in, 172 lb,	1993-09-15,	Germany+F,	32,	Scott, Mike,	6 ft 8 in, 237 lb, 1988-07-16,	Virginia+G/F,	25,	Sefolosha, Thabo,	6 ft 7 in,	220 lb, 1984-05-02,	Switzerland+C,	11,	Splitter, Tiago,	6 ft 11 in, 245 lb,	1985-01-01,	Brazil+C,	22,	Tavares, Walter,	7 ft 3 in, 260 lb, 1992-03-22,	Cape Verde+G,	0,	Teague, Jeff, 6 ft 2 in, 186 lb, 1988-06-10,	Wake Forest
Boston Celtics, Brad Stevens,1,Atlantic  + G,0,Bradley, Avery,6 ft 2 in,180 lb,	1990-11-26,	Texas + F,	99,	Crowder, Jae,	6 ft 6 in, 	235 lb,	1990-07-06,	Marquette,+G,	28,	Hunter, R. J.,	6 ft 5 in, 185 lb,	1993-10-24,	Georgia State + F,	8,	Jerebko, Jonas,	6 ft 10 in,	231 lb,	1987-03-02	,Sweden+F,	90,	Johnson, Amir,	6 ft 9 in,	240 lb,	1987-05-01,	Westchester HS (CA)+F,	42,	Lee, David,	6 ft 9 in,245 lb ,	1983-04-29,	Florida+F,	55,	Mickey, Jordan,	6 ft 8 in,	235 lb,1994-07-09,	LSU+F/C,	41,	Olynyk, Kelly,	7 ft 0 in,	238 lb,	1991-04-19	,Gonzaga+G,	12,	Rozier, Terry,	6 ft 2 in,	190 lb,	1994-03-17	,Louisville+G,	36,	Smart, Marcus,	6 ft 4 in ,	220 lb,	1994-03-06	,Oklahoma State+F/C,	7,	Sullinger, Jared,	6 ft 9 in,	260 lb,1992-03-04,	Ohio State+G,	4,	Thomas, Isaiah,	5 ft 9 in,	185 lb,	1989-02-07	,Washington+G/F,	11,	Turner, Evan,	6 ft 7 in,	220 lb,	1988-10-27	,Ohio State+G/F,	13,	Young, James,	6 ft 6 in,	215 lb,	1995-08-16	,Kentucky+C,	44,	Zeller, Tyler,	7 ft 0 in,	253 lb,	1990-01-17	,North Carolina
Brooklyn Nets, Tony Brown,1,Atlantic +F/C,9,Bargnani, Andrea,7 ft 0 in,245 lb,1985-10-26,Italy+G/F,44,Bogdanović, Bojan,6 ft 8 in,216 lb,1989-04-18,Croatia+G,22,Brown, Markel,6 ft 4 in,190 lb,1992-01-29,Oklahoma State+G,21,Ellington, Wayne,6 ft 4 in,200 lb,1987-11-29,North Carolina+F,24,Hollis-Jefferson, Rondae ￼,6 ft 7 in,220 lb,1995-01-03,Arizona+G,2,Jack, Jarrett ￼,6 ft 3 in,200 lb,1983-10-28,Georgia Tech+G/F,7,Johnson, Joe, 6 ft 7 in,240 lb,1981-06-29,Arkansas+G/F,10,Karasev, Sergey,6 ft 7 in,208 lb,1993-10-26,Russia+G,0,Larkin, Shane,5 ft 11 in,175 lb,1992-10-02,Miami (FL)+C,11,Lopez, Brook,7 ft 0 in,275 lb,1988-04-01,Stanford+F,1,McCullough, Chris,6 ft 11 in,200 lb,1995-02-05,Syracuse+F/C,33,Reed, Willie,6 ft 10 in,220 lb,1990-05-16,Saint Louis+F,41,Robinson, Thomas,6 ft 10 in,237 lb,1991-03-17,Kansas+G,15,Sloan, Donald,6 ft 3 in,205 lb,1988-01-15,Texas A&M+F,30,Young, Thaddeus,6 ft 8 in,221 lb,1988-06-21,Georgia Tech
Charlotte Hornets, Steve Clifford,1,Southeast+G/F,	5,	Batum, Nicolas,	6 ft 8 in, 200 lb, 1988-12-14,	France+G,	30,	Daniels, Troy,	6 ft 4 in, 205 lb, 1991-07-15,	Virginia Commonwealth+G/F,	19,	Hairston, P. J.,	6 ft 6 in, 230 lb, 1992-12-24,	North Carolina+F,	50,	Hansbrough, Tyler,	6 ft 9 in, 250 lb, 1985-11-03,	North Carolina+G,	9,	Harrison, Aaron,	6 ft 6 in, 210 lb, 1994-10-28,	Kentucky+C,	00,	Hawes, Spencer,	7 ft 1 in, 245 lb,	1988-04-28,	Washington+C,	25,	Jefferson, Al,	6 ft 10 in, 289 lb, 1985-01-04,	Prentiss HS (MS)+F/C,	44,	Kaminsky, Frank,	7 ft 0 in, 240 lb, 1993-04-04,	Wisconsin+F,	14,	Kidd-Gilchrist, Michael,	6 ft 7 in,	232 lb, 1993-09-26,	Kentucky+G,	3,	Lamb, Jeremy,	6 ft 5 in, 185 lb, 1992-05-30,	Connecticut+G,	7,	Lin, Jeremy,	6 ft 3 in,	200 lb, 1988-08-23,	Harvard+G,	22,	Roberts, Brian,	6 ft 1 in, 173 lb,	1985-12-03,	Dayton+G,	15,	Walker, Kemba, 	6 ft 1 in, 184 lb, 1990-05-08,	Connecticut+F,	2,	Williams, Marvin,	6 ft 9 in, 	237 lb, 1986-06-19,	North Carolina+F/C,	40,	Zeller, Cody,	7 ft 0 in,	240 lb, 1992-10-05,	Indiana
Chicago Bulls, Fred Hoiberg,1,Central+F/C,	41,	Bairstow, Cameron,	6 ft 10 in,	250 lb,	1990-12-07,	New Mexico+G,	0,	Brooks, Aaron,	6 ft 0 in, 161 lb,	1985-01-14,	Oregon+G/F,	21,	Butler, Jimmy,	6 ft 7 in,	220 lb ,	1989-09-14,	Marquette+G/F,	34,	Dunleavy, Mike,	6 ft 9 in,	230 lb,	1980-09-15,	Duke+F/C,	6,	Felício, Cristiano,	6 ft 10 in,	275 lb,	1992-07-07,	CCSE Prep (CA)+F/C,	16,	Gasol, Pau,	7 ft 0 in,	250 lb,	1980-07-06,	Spain+F/C,	22,	Gibson, Taj,	6 ft 9 in,	225 lb,	1985-06-24,	Southern California+G,	12,	Hinrich, Kirk,	6 ft 4 in,	190 lb,	1981-01-02,	Kansas+F,	3,	McDermott, Doug,	6 ft 8 in,	225 lb,	1992-01-03,	Creighton+F,	44,	Mirotić, Nikola,	6 ft 10 in,	220 lb,	1991-02-11,	Spain+G,	55,	Moore, E'Twaun,	6 ft 4 in,	191 lb, 1989-02-25,	Purdue+C,	13,	Noah, Joakim, 6 ft 11 in, 232 lb,	1985-02-25,	Florida+F,	5,	Portis, Bobby,	6 ft 11 in,	230 lb,	1995-02-10,	Arkansas+G,	1,	Rose, Derrick,	6 ft 3 in, 190 lb, 	1988-10-04,	Memphis+G/F,	20,	Snell, Tony,	6 ft 7 in,	200 lb,	1991-11-10,	New Mexico
Cleveland Cavaliers, Tyronn Lue,1,Central +G,	9,	Cunningham, Jared,	6 ft 4 in,	195 lb,	1991-05-22,	Oregon State+G,	8,	Dellavedova, Matthew,	6 ft 4 in, 198 lb,	1990-09-08,	Saint Mary's+G,	2,	Irving, Kyrie,	6 ft 3 in,	193 lb,	1992-03-23,	Duke+F,	23,	James, LeBron,	6 ft 8 in,	250 lb,	1984-12-30,	St. Vincent-St. Mary HS (OH)+F,	24,	Jefferson, Richard,	6 ft 7 in, 233 lb,	1980-06-21,	Arizona+G/F,	1,	Jones, James,	6 ft 8 in,	218 lb,	1980-10-04,	Miami (FL)+C,	14,	Kaun, Sasha,	6 ft 11 in,	260 lb,	1985-05-08,	Kansas+F/C,	0,	Love, Kevin,	6 ft 10 in,	251 lb,	1988-09-07,	UCLA+G,	4,	Shumpert, Iman,	6 ft 5 in, 220 lb,	1990-06-26,	Georgia Tech+G/F,	5,	Smith, J. R.,	6 ft 6 in,	225 lb,	1985-09-09,	St. Benedict's Prep (NJ)+F/C,13,	Thompson, Tristan,	6 ft 9 in,	238 lb,	1991-03-13,	Texas+F/C,	17,	Varejão, Anderson,	6 ft 11 in, 273 lb,	1982-09-28,	Brazil+G,	52,	Williams, Mo,	6 ft 1 in,	198 lb,	1982-12-19,	Alabama
Dallas Mavericks, Rick Carlisle,2,Southwest + G/F,	1,	Anderson, Justin,	6 ft 6 in, 228 lb, 1993-11-19,	Virginia + G,	5,	Barea, José Juan,	6 ft 0 in, 185 lb, 1984-06-26,	Northeastern+F,	21,	Evans, Jeremy,	6 ft 9 in, 200 lb, 1987-10-24,	Western Kentucky+G,	2,	Felton, Raymond,	6 ft 1 in, 205 lb, 1984-06-26,	North Carolina+G,	34,	Harris, Devin,	6 ft 3 in, 185 lb, 1983-02-27,	Wisconsin+G,	12,	Jenkins, John,	6 ft 4 in, 215 lb, 1991-03-06,	Vanderbilt+G,	23,	Matthews, Wesley,	6 ft 5 in, 220 lb,1986-10-14,	Marquette+C,	11,	McGee, JaVale,	7 ft 0 in, 270 lb,1988-01-19,	Nevada+C,	50,	Mejri, Salah,	7 ft 2 in, 245 lb,1986-06-15,	Tunisia+F,	41,	Nowitzki, Dirk, 	7 ft 0 in, 245 lb, 1978-06-19,	Germany+F/C,	27,	Pachulia, Zaza, 6 ft 11 in, 275 lb, 1984-02-10,	Georgia+F,	25,	Parsons, Chandler,	6 ft 10 in, 230 lb,1988-10-25,	Florida+F,	7,	Powell, Dwight,	6 ft 11 in, 240 lb, 1991-07-20,	Stanford+F,	3,	Villanueva, Charlie,	6 ft 11 in, 232 lb, 1984-08-24,	Connecticut+G,	8,	Williams, Deron,	6 ft 3 in, 200 lb, 1984-06-26,	Illinois
Denver Nuggets, Michael Malone,2,Northwest+F,	00,	Arthur, Darrell,	6 ft 9 in, 235 lb,1988-03-25,	Kansas+G,	5,	Barton, Will,	6 ft 6 in, 175 lb, 1991-01-06,	Memphis+F,	21,	Chandler, Wilson,	6 ft 8 in,	225 lb,	1987-05-10,	DePaul+F,	35,	Faried, Kenneth,	6 ft 8 in, 228 lb, 	1989-11-19,	Morehead State+G,	4,	Foye, Randy,	6 ft 4 in, 213 lb, 1983-09-24,	Villanova+F,	8,	Gallinari, Danilo,	6 ft 10 in, 225 lb, 1988-08-08,	Italy+G,	14,	Harris, Gary,	6 ft 4 in, 210 lb, 1994-09-14,	Michigan State+F/C,	7,	Hickson, JJ,	6 ft 9 in, 242 lb, 1988-09-04,	North Carolina State+C,	15,	Jokić, Nikola,	6 ft 11 in, 250 lb, 1995-02-19,	Serbia+G,	6,	Kilpatrick, Sean,	6 ft 4 in, 210 lb ,1990-01-06,	Cincinnati+F/C,	77,	Lauvergne, Joffrey,	6 ft 11 in, 220 lb, 1991-09-30,	France+G/F,	3,	Miller, Mike,	6 ft 8 in, 218 lb ,1980-02-19,	Florida+G,	0,	Mudiay, Emmanuel,	6 ft 5 in,	200 lb, 1996-03-05,	Prime Prep Academy (TX)+G,	1,	Nelson, Jameer,	6 ft 0 in, 190 lb, 1982-02-09,	Saint Joseph's+C,	23,	Nurkić, Jusuf,	6 ft 11 in, 280 lb, 1994-08-23,	Bosnia and Herzegovina
Detroit Pistons, Stan Van Gundy,1,Central+C,	50,	Anthony, Joel,	6 ft 9 in,	245 lb,	1982-08-09,	UNLV+F/C,	12,	Baynes, Aron,	6 ft 10 in, 260 lb, 1986-12-09,	Washington State+G,	22,	Blake, Steve,	6 ft 3 in,	172 lb, 1980-02-26,	Maryland+F,	25,	Bullock, Reggie,	6 ft 7 in,	205 lb,	1991-03-16,	North Carolina+G,	5,	Caldwell-Pope, Kentavious,	6 ft 5 in, 	205 lb,	1993-02-18,	Georgia+G,	8,	Dinwiddie, Spencer,	6 ft 6 in,	200 lb,	1993-04-06,	Colorado+C,	0,	Drummond, Andre,	6 ft 11 in, 279 lb,	1993-08-10,	Connecticut+G/F,	6,	Hilliard, Darrun,	6 ft 6 in,	205 lb,	1993-04-13,	Villanova+F,	23,	İlyasova, Ersan,	6 ft 10 in,	235 lb,	1987-05-15,	Turkey+G,	1,	Jackson, Reggie,	6 ft 3 in,	208 lb,	1990-04-16,	Boston College+G,	7,	Jennings, Brandon,	6 ft 1 in,	169 lb,	1989-09-23,	Oak Hill Academy (VA)+F,	3,	Johnson, Stanley,	6 ft 7 in, 245 lb, 1996-05-29,	Arizona+G,	20,	Meeks, Jodie,	6 ft 4 in, 	210 lb,	1987-08-21,	Kentucky+F,	13,	Morris, Marcus,	6 ft 9 in, 	235 lb,	1989-09-02,	Kansas+F,	43,	Tolliver, Anthony,	6 ft 8 in, 240 lb, 1985-06-01,	Creighton
Golden State Warriors, Steve Kerr,2,Pacific+G,	19,	Barbosa, Leandro,	6 ft 3 in, 194 lb, 1982-11-28,	Brazil+F,	40,	Barnes, Harrison,	6 ft 8 in, 225 lb, 1992-05-30,	North Carolina+C,	12,	Bogut, Andrew, 7 ft 0 in, 260 lb, 1984-11-28,	Utah+G,	30,	Curry, Stephen, 6 ft 3 in, 190 lb, 1988-03-14,	Davidson+C,	31,	Ezeli, Festus,	6 ft 11 in, 265 lb, 1989-10-21,	Vanderbilt+F,	23,	Green, Draymond,	6 ft 7 in, 230 lb, 1990-03-04,	Michigan State+G/F,	9,	Iguodala, Andre, 6 ft 6 in, 215 lb,1984-01-28,	Arizona+G,	34,	Livingston, Shaun,	6 ft 7 in, 192 lb, 1985-09-11,	Peoria Central HS (IL)+F,	36,	Looney, Kevon,	6 ft 9 in, 220 lb, 1996-02-06,	UCLA+F,	20,	McAdoo, James Michael,	6 ft 9 in, 240 lb, 1993-01-04,	North Carolina+G/F,	4,	Rush, Brandon,	6 ft 6 in, 220 lb, 1985-07-07,	Kansas+F/C,	5,	Speights, Marreese,	6 ft 10 in, 255 lb, 1987-08-04,	Florida+F/C,	1,	Thompson, Jason,	6 ft 11 in, 250 lb, 1986-07-21,	Rider+G,	11,	Thompson, Klay,	6 ft 7 in ,215 lb, 1990-02-08,	Washington State
Houston Rockets,J.B. Bickerstaff,2,Southwest+F,	1,	Ariza, Trevor,	6 ft 8 in, 215 lb,1985-06-30,	UCLA+G,	2,	Beverley, Patrick,	6 ft 0 in, 185 lb, 1988-07-12,	Arkansas+G/F,	33,	Brewer, Corey	,6 ft 9 in, 	186 lb, 1986-03-05	,Florida+C,	15,	Capela, Clint,	6 ft 10 in, 240 lb, 1994-05-18,	National Institute of Sport and Physical Education - France+F,	7,	Dekker, Sam,	6 ft 9 in, 230 lb, 1994-05-06,	Wisconsin+G,	13,	Harden, James, 	6 ft 5 in, 220 lb, 1989-08-26,	Arizona State+F,	35,	Harrell, Montrezl, 6 ft 8 in,240 lb, 1994-01-26,	Louisville+C,	12,	Howard, Dwight,	6 ft 11 in,	265 lb, 1985-12-08,	SW Atlanta Academy (GA)+F,	6,	Jones, Terrence,	6 ft 9 in, 252 lb, 1992-01-09,	Kentucky+G,	3,	Lawson, Ty,	5 ft 11 in, 195 lb, 1987-11-03,	North Carolina+G/F,	32,	McDaniels, K. J., 6 ft 6 in, 205 lb, 1993-02-09,	Clemson+F/C,	20,	Motiejūnas, Donatas, 7 ft 0 in, 222 lb, 1990-09-20,	Lithuania+F,	5,	Smith, Josh,	6 ft 9 in, 225 lb ,1985-12-05	,Oak Hill Academy (VA)+G,	31,	Terry, Jason,	6 ft 2 in, 185 lb,	1977-09-15,	Arizona+G,	10,	Thornton, Marcus,	6 ft 4 in, 205 lb, 1987-06-05,	LSU
Indiana Pacers, Frank Vogel,1,Central +F/C,	5,	Allen, Lavoy,	6 ft 9 in, 255 lb, 1989-02-04,	Temple+F,	10,	Budinger, Chase,	6 ft 7 in, 209 lb, 1988-05-22,	Arizona+F/C,	25,	Christmas, Rakeem, 6 ft 9 in, 250 lb, 1991-12-01,	Syracuse+G,	11,	Ellis, Monta,	6 ft 3 in, 185 lb, 	1985-10-26,	Lanier HS (MS)+F,	13,	George, Paul, 	6 ft 9 in, 220 lb, 1990-05-02,	Fresno State+G,	3,	Hill, George,	6 ft 3 in, 188 lb, 1986-05-04,	IUPUI+F/C,	27,	Hill, Jordan,	6 ft 10 in, 	235 lb, 	1987-07-27,	Arizona+F,	44,	Hill, Solomon,	6 ft 7 in, 225 lb, 1991-03-18,	Arizona+C,	28,	Mahinmi, Ian,	6 ft 11 in,	250 lb, 1986-11-05,	France+G/F,	0,	Miles, C. J.,	6 ft 6 in, 231 lb,	1987-03-18,	Skyline HS (TX)+F,	40,	Robinson III, Glenn,	6 ft 7 in, 222 lb, 1994-01-08,	Michigan+G,	2,	Stuckey, Rodney,	6 ft 5 in,	205 lb,	1986-04-21,	Eastern Washington+C,	33,	Turner, Myles,	6 ft 11,	243 lb,	1996-03-24,	Texas+F/C,	42,	Whittington, Shayne,	6 ft 11 in,	245 lb, 1991-03-27,	Western Michigan+G,	1,	Young, Joseph,	6 ft 2 in, 180 lb,	1992-06-27,	Oregon
Los Angeles Clippers,Doc Rivers,2,Pacific+C,	45,	Aldrich, Cole,	6 ft 11 in, 250 lb, 1988-10-31,	Kansas+F/C,	19,	Ayres, Jeff,	6 ft 9 in, 250 lb, 1987-04-29,	Arizona State+G,	11,	Crawford, Jamal,	6 ft 5 in, 195 lb, 1980-03-20,	Michigan+G/F,	22,	Dawson, Branden, 6 ft 6 in, 225 lb, 1993-02-01,	Michigan State+F,	32,	Griffin, Blake, 6 ft 10 in, 251 lb, 1989-03-16,	Oklahoma+F,	33,	Johnson, Wesley,	6 ft 7 in, 215 lb, 1987-07-11,	Syracuse+C,	6,	Jordan, DeAndre,	6 ft 11 in, 265 lb, 1988-07-21,	Texas A&M+F,	12,	Mbah a Moute, Luc, 6 ft 8 in ,230 lb , 1986-09-09,	UCLA+G,	3,	Paul, Chris, 	6 ft 0 in, 	175 lb, 1985-05-06,	Wake Forest+F,	34,	Pierce, Paul,	6 ft 7 in, 235 lb, 1977-10-13,	Kansas+G,	9,	Prigioni, Pablo,	6 ft 3 in, 185 lb, 1977-05-17,	Argentina+G,	4,	Redick, J. J.,	6 ft 4 in, 190 lb, 1984-06-24,	Duke+G,	25,	Rivers, Austin,	6 ft 4 in, 200 lb, 1992-08-01,	Duke+G/F,	1,	Stephenson, Lance,	6 ft 5 in, 230 lb, 1990-09-05,	Cincinnati+G,	30,	Wilcox, C. J.,	6 ft 5 in, 195 lb, 1990-12-30,	Washington
Los Angeles Lakers,Byron Scott,2,Pacific+F,	2,	Bass, Brandon,	6 ft 8 in, 250 lb, 1985-04-30,	LSU+F/C,	28,	Black, Tarik,	6 ft 9 in, 250 lb, 1991-11-22,	Kansas+G/F,	3,	Brown, Anthony,	6 ft 7 in, 211 lb, 1992-10-10,	Stanford+G/F,	24,	Bryant, Kobe,	6 ft 6 in,	212 lb, 1978-08-23,	Lower Merion HS (PA)+G,	6,	Clarkson, Jordan,	6 ft 5 in, 185 lb, 1992-06-07,	Missouri+C,	17,	Hibbert, Roy,	7 ft 2 in, 270 lb, 1986-12-11,	Georgetown+G,	9,	Huertas, Marcelo,	6 ft 3 in, 185 lb, 1983-05-25,	Coppell HS (TX)+F,	4,	Kelly, Ryan,	6 ft 11 in, 230 lb, 1991-04-09,	Duke+F,	7,	Nance Jr., Larry,	6 ft 9 in, 230 lb, 1993-01-01,	Wyoming+F,	30,	Randle, Julius,	6 ft 9 in, 250 lb, 1994-11-29,	Kentucky+G,	1,	Russell, D'Angelo,	6 ft 5 in, 195 lb, 	1996-02-23,	Ohio State+C,	50,	Sacre, Robert,	7 ft 0 in, 270 lb, 1989-06-06,	Gonzaga+G,	23,	Williams, Lou,	6 ft 1 in, 175 lb, 1986-10-27,	South Gwinnett HS (GA)+F,	37,	World Peace, Metta,	6 ft 7 in, 260 lb, 1979-11-13,	St. John's+G/F,	0,	Young, Nick,	6 ft 7 in, 210 lb, 1985-06-01,	Southern California
Memphis Grizzlies,David Joerger,2,Southwest+G,	3,	Adams, Jordan,	6 ft 5 in, 209 lb, 1994-07-08,	UCLA+G/F,	9,	Allen, Tony,	6 ft 4 in, 213 lb, 1982-01-11,	Oklahoma State+F,	22,	Barnes, Matt,	6 ft 7 in, 226 lb, 1980-03-09,	UCLA+G/F,	15,	Carter, Vince,	6 ft 6 in, 220 lb, 1977-01-26,	North Carolina+G,	6,	Chalmers, Mario,	6 ft 2 in, 190 lb, 1986-05-19,	Kansas+G,	11,	Conley, Mike, 6 ft 1 in ,175 lb, 1987-10-11,	Ohio State+F,	8,	Ennis, James, 6 ft 7 in, 210 lb, 1990-07-01	,Long Beach State+C,	33,	Gasol, Marc, 7 ft 1 in, 255 lb, 1985-01-29,	Lausanne CS (TN)+F,	0,	Green, JaMychal,	6 ft 8 in, 227 lb, 1990-06-21,	Alabama+F,	32,	Green, Jeff,	6 ft 9 in, 235 lb, 1986-08-28,	Georgetown+C,	20,	Hollins, Ryan,	7 ft 0 in ,230 lb, 1984-10-10,	UCLA+G,	5,	Lee, Courtney,	6 ft 5 in, 200 lb, 1985-10-03,	Western Kentucky+F,	10,	Martin, Jarell, 	6 ft 9 in, 239 lb, 1994-05-24,	LSU+F,	50,	Randolph, Zach, 6 ft 9 in, 260 lb, 1981-07-16,	Michigan State+F/C,	34,	Wright, Brandan,	6 ft 10 in, 210 lb ,1987-10-05,	North Carolina
Miama Heat,Erik Spoelstra,1,Southeast +F/C,	11,	Andersen, Chris,	6 ft 10 in,	245 lb, 1978-07-07,	Blinn College+F/C,	1,	Bosh, Chris, 6 ft 11 in, 235 lb, 1984-03-24,	Georgia Tech+F,	9,	Deng, Luol,	6 ft 9 in,	220 lb, 1985-04-16,	Duke+G,	7,	Dragić, Goran,	6 ft 3 in, 190 lb, 1986-05-06, Slovenia+G/F,	14,	Green, Gerald,	6 ft 7 in, 205 lb, 1986-01-26,	Gulf Shores Academy (TX)+F/C,	40,	Haslem, Udonis, 6 ft 8 in, 235 lb,1980-06-09,	Florida+G,	8,	Johnson, Tyler,	6 ft 4 in, 186 lb, 1992-05-07,	Fresno State+F,	4,	McRoberts, Josh,	6 ft 10 in, 240 lb, 1987-02-28,	Duke+G,	0,	Richardson, Josh,	6 ft 6 in, 200 lb,	1993-09-15,	Tennessee+F/C,	12,	Stokes, Jarnell,	6 ft 9 in, 255 lb, 1994-01-07,	Tennessee+F/C,	5,	Stoudemire, Amar'e,	6 ft 10 in, 245 lb,	1982-11-16,	Cypress Creek HS (FL)+G,	19,	Udrih, Beno,	6 ft 3 in, 205 lb, 1982-07-05,	Slovenia+G,	3, Wade, Dwyane, 	6 ft 4 in, 220 lb, 1982-01-17,	Marquette+C,	21,	Whiteside, Hassan,	7 ft 0 in, 265 lb, 1989-06-13,	Marshall+G/F,	20,	Winslow, Justise,	6 ft 7 in, 225 lb, 1996-03-26,	Duke
Milwaukee Bucks, Jason Kidd,1,Central+F,	34,	Antetokounmpo, Giannis,	6 ft 11 in,	222 lb, 1994-12-06,	Greece+G,	19,	Bayless, Jerryd,	6 ft 3 in, 200 lb, 1988-08-20,	Arizona+G,	5,	Carter-Williams, Michael,	6 ft 6 in, 190 lb, 1991-10-10,	Syracuse+F,	9,	Copeland, Chris,	6 ft 8 in, 239 lb, 1984-03-17,	Colorado+G,	11,	Ennis, Tyler,	6 ft 3 in, 194 lb, 1994-08-24,	Syracuse+F/C,	31,	Henson, John,	6 ft 11 in, 229 lb, 1990-12-28,	North Carolina+F,	17,	Inglis, Damien, 6 ft 9 in,	246 lb, 1995-05-20,	National Institute of Sport and Physical Education - France+G,	3,	Mayo, O. J.,	6 ft 5 in, 210 lb, 1987-11-05,	Southern California+G/F,	22,	Middleton, Khris,	6 ft 7 in, 234 lb, 1991-08-12,	Texas A&M+F/C,	15,	Monroe, Greg,	6 ft 11 in, 265 lb, 1990-06-04,	Georgetown+F,	77,	O'Bryant III, Johnny,	6 ft 9 in, 257 lb,1993-06-01,	LSU+F,	12,	Parker, Jabari,	6 ft 8 in, 250 lb, 1995-03-15,	Duke+C,	18,	Plumlee, Miles,	6 ft 11 in,249 lb,	1988-09-01,	Duke+G,	21,	Vásquez, Greivis,	6 ft 6 in, 217 lb,	1987-01-16,	Maryland+G,	20,	Vaughn, Rashad,	6 ft 6 in,	202 lb,	1996-08-16,	UNLV
Minnesota Timberwolves, Sam Mitchell,2,Northwest+F,	88,	Bjelica, Nemanja,	6 ft 10 in, 240 lb ,1988-05-09,	Serbia+F/C,	5,	Dieng, Gorgui,	6 ft 11 in, 241 lb, 1990-01-18,	Louisville+F/C,	21,	Garnett, Kevin,	6 ft 11 in,	240 lb, 1976-05-19,	Farragut HS (IL)+G,	1,	Jones, Tyus,	6 ft 2 in, 195 lb ,1996-05-10,	Duke+G,	8	,LaVine, Zach,	6 ft 5 in, 	189 lb, 1995-03-10,	UCLA+G,	23,	Martin, Kevin,	6 ft 7 in, 199 lb, 1983-02-01,	Western Carolina+G,	24,	Miller, Andre,	6 ft 2 in, 200 lb, 1976-03-19,	Utah+G/F,	15,	Muhammad, Shabazz,	6 ft 6 in, 223 lb, 1992-11-13,	UCLA+F,	33,	Payne, Adreian,	6 ft 10 in, 237 lb, 1991-02-19,	Michigan State+C,	14,	Peković, Nikola,	6 ft 11 in, 307 lb, 1986-01-03,	Montenegro+F,	12,	Prince, Tayshaun,	6 ft 9 in, 212 lb ,1980-02-28,	Kentucky+G,	9,	Rubio, Ricky	,6 ft 4 in, 194 lb ,1990-10-21,	Spain+F,	10,	Rudež, Damjan,	6 ft 10 in, 228 lb ,1986-06-17,	Croatia+F/C,	32	,Towns, Karl-Anthony,	7 ft 0 in, 244 lb,1995-11-15,	Kentucky+G/F,	22	,Wiggins, Andrew,	6 ft 8 in ,199 lb ,1995-02-23,Kansas
New Orleans Pelicans, Alvin Gentry,2,Southwest+C,	42,	Ajinça, Alexis,	7 ft 2 in, 248 lb,1988-05-06,	National Institute of Sport and Physical Education - France+F,	33,	Anderson, Ryan,	6 ft 10 in, 240 lb, 1988-05-06,	California+C,	3,	Aşık, Ömer,	7 ft 0 in, 255 lb, 1986-07-04,	Turkey+F,	8,	Babbitt, Luke,	6 ft 9 in, 225 lb, 1989-06-20,	Nevada+G,	30,	Cole, Norris,	6 ft 2 in, 175 lb,1988-10-13,	Cleveland State+F,	44,	Cunningham, Dante,	6 ft 8 in,230 lb,1987-04-22,	Villanova+F/C,	23,	Davis, Anthony, 6 ft 10 in, 253 lb, 1993-03-11,	Kentucky+G,31,	Dejean-Jones, Bryce,	6 ft 6 in, 203 lb, 1992-08-21,	Iowa State+G,	16,	Douglas, Toney,	6 ft 2 in ,195 lb, 1986-03-16,	Florida State+G/F,	1,	Evans, Tyreke,	6 ft 6 in, 220 lb , 1989-09-19,	Memphis+G/F,	15,	Gee, Alonzo,	6 ft 6 in, 225 lb, 1987-05-29,	Alabama+G,	10,	Gordon, Eric,	6 ft 4 in, 215 lb, 1988-12-25,	Indiana+G,	11,	Holiday, Jrue,	6 ft 4 in, 205 lb, 1990-06-12,	UCLA+C,	5,	Perkins, Kendrick,	6 ft 10 in, 270 lb, 1984-11-10,	Clifton J. Ozen HS (TX)+G/F,	20,	Pondexter, Quincy,	6 ft 6 in, 	220 lb ,1988-03-10,	Washington
New York Knicks, Derek Fisher,1,Atlantic +G/F,4,	Afflalo, Arron,	6 ft 5 in,	210 lb,	1985-10-15,	UCLA+F/C,	17,	Amundson, Lou,	6 ft 9 in,	220 lb,	1982-12-07,	UNLV+F,	7,	Anthony, Carmelo,	6 ft 8 in,240 lb, 	1984-05-29,	Syracuse+G,	3,	Calderón, José,	6 ft 3 in,	200 lb,	1981-09-28,	Spain+F,	11,	Early, Cleanthony,	6 ft 8 in,	210 lb,	1991-04-17,	Wichita State+G,	2,	Galloway, Langston,	6 ft 2 in,	200 lb,	1991-12-09,	Saint Joseph's+G,	13,	Grant, Jerian,	6 ft 4 in,	195 lb,	1992-10-09,	Notre Dame+C,	8,	Lopez, Robin,	7 ft 0 in,	255 lb,	1988-04-01,	Stanford+F/C,	9,	O'Quinn, Kyle,	6 ft 10 in,	250 lb,	1990-03-26,	Norfolk State+F/C,	6,	Porziņģis, Kristaps,	7 ft 3 in, 240 lb,	1995-08-02,	Latvia+F/C,	1,	Séraphin, Kevin,	6 ft 9 in,	278 lb,	1989-12-07,	France+F,	42,	Thomas, Lance,	6 ft 8 in,	235 lb,	1988-04-24,	Duke+G,	18,	Vujačić, Sasha,	6 ft 7 in,	195 lb,	1984-03-08,	Slovenia+F,	23,	Williams, Derrick,	6 ft 8 in,	240 lb,	1991-05-25,	Arizona
Oklahoma City Thunder,Billy Donovan,2,Northwest+C,	12,	Adams, Steven,	7 ft 0 in, 255 lb, 1993-07-20	,Pittsburgh+G,	14,	Augustin, D. J.,	6 ft 0 in, 183 lb, 1987-11-10,	Texas+F,	4,	Collison, Nick,	6 ft 10 in, 255 lb, 1980-10-26,	Kansas+F,	35,	Durant, Kevin, 6 ft 10 in, 240 lb, 	1988-09-29,	Texas+F,	34,	Huestis, Josh,	6 ft 7 in,	230 lb, 1991-12-19,	Stanford+F/C,	9,	Ibaka, Serge, 6 ft 10 in, 245 lb, 1989-09-18,	Spain+C,	11,	Kanter, Enes,	6 ft 11 in, 245 lb, 1992-05-20,	Stoneridge PS (CA)+F,	33,	McGary, Mitch,	6 ft 10 in, 255 lb, 1992-06-06,	Michigan+G,	2,	Morrow, Anthony,	6 ft 5 in, 210 lb ,1985-09-27,	Georgia Tech+F,	6,	Novak, Steve,	6 ft 10 in, 225 lb, 1983-06-13,	Marquette+G,	22,	Payne, Cameron,	6 ft 3 in, 185 lb, 1994-08-08,	Murray State+G/F,	21,	Roberson, André,	6 ft 7 in, 210 lb ,1991-12-04,	Colorado+F,	5,	Singler, Kyle,	6 ft 8 in, 228 lb ,1988-05-04,	Duke+G,	3,	Waiters, Dion,	6 ft 4 in, 220 lb, 	1991-12-10,	Syracuse+G,	0,	Westbrook, Russell,	6 ft 3 in, 200 lb, 1988-11-12,	UCLA
Orlando Magic, Scott Skiles,1,Southeast+G,	15,	Appling, Keith,	6 ft 1 in, 185 lb, 1992-02-13,	Michigan State+C,	3,	Dedmon, Dewayne,	7 ft 0 in, 245 lb,1989-08-12,	Southern California+G,	10,	Fournier, Evan,	6 ft 7 in, 205 lb, 1992-10-29,	France+F/C,	8,	Frye, Channing,	6 ft 11 in, 255 lb, 1983-05-17,	Arizona+F,	00,	Gordon, Aaron,	6 ft 9 in, 220 lb, 1995-09-16,	Arizona+F,	12,	Harris, Tobias, 6 ft 9 in, 235 lb,1992-07-15,	Tennessee+G/F,	23, Hezonja, Mario,	6 ft 8 in, 218 lb, 1995-02-25,	Croatia+G/F,	11,	Marble, Roy Devyn,	6 ft 6 in, 200 lb, 1992-09-21,	Iowa+G,	13,	Napier, Shabazz,	6 ft 1 in, 175 lb, 1991-07-14,	Connecticut+F,	44,	Nicholson, Andrew,	6 ft 9 in, 250 lb, 1989-12-08,	St. Bonaventure+G,	5,	Oladipo, Victor, 6 ft 4 in, 210 lb,1992-05-04,	Indiana+G,	4,	Payton, Elfrid,	6 ft 4 in, 185 lb, 1994-02-22,	Louisiana-Lafayette+F/C,	14,	Smith, Jason,	7 ft 0 in, 240 lb,	1986-03-02,	Colorado State+C,	9,	Vučević, Nikola,	7 ft 0 in, 260 lb, 1990-10-24,	Southern California+G,	32,	Watson, C. J., 6 ft 2 in, 175 lb, 1984-04-17,	Tennessee
Philadelphia 76ers,Brett Brown,1,Atlantic  + F,	42,	Brand, Elton,	6 ft 9 in,	254 lb,	1979-03-11,	Duke+G,	0,	Canaan, Isaiah,	6 ft 0 in,	201 lb,	1991-05-21,	Murray State+F,	33,	Covington, Robert,	6 ft 9 in,	215 lb,	1990-12-14,	Tennessee State+C,	21,	Embiid, Joel,	7 ft 0 in,	250 lb,	1994-03-16,	Kansas+F,	39,	Grant, Jerami,	6 ft 8 in,	210 lb ,	1994-03-12,	Syracuse+F,	22,	Holmes, Richaun,	6 ft 10 in,	245 lb,	1993-10-15,	Bowling Green+F,	7,	Landry, Carl,	6 ft 9 in,	248 lb,	1983-09-19,	Purdue+G,	5,	Marshall, Kendall,	6 ft 4 in,	200 lb,	1991-08-19,	North Carolina+G,	12,	McConnell, T. J.,	6 ft 2 in,	200 lb,	1992-03-25,	Arizona+F/C,	4,	Noel, Nerlens,	6 ft 11 in,	228 lb,	1994-04-10,	Kentucky+C,	8,	Okafor, Jahlil,	6 ft 11 in,	275 lb,	1995-12-15,	Duke+G/F,	9,	Sampson, JaKarr,	6 ft 9 in,	214 lb,	1993-03-20,	St. John's+G,	1,	Smith, Ish,	6 ft 0 in,	175 lb,	1988-07-05,	Wake Forest+G,	11,	Stauskas, Nik,	6 ft 6 in,	205 lb,	1993-10-07,	Michigan+G/F,	31,	Thompson, Hollis,	6 ft 8 in,	206 lb,	1991-04-03,	Georgetown
Phoenix Suns,Jeff Hornacek,2,Pacific+G,	2,	Bledsoe, Eric,	6 ft 1 in, 	190 lb, 1989-12-09,	Kentucky+G,	1,	Booker, Devin,	6 ft 6 in,	206 lb,	1996-10-30,	Kentucky+G,	41,	Brown, Lorenzo,	6 ft 5 in, 189 lb, 1990-08-26,	North Carolina State+C,	4,	Chandler, Tyson,	7 ft 1 in, 240 lb, 1982-10-02,	Manuel Dominguez HS (CA)+G,	20,	Goodwin, Archie,	6 ft 5 in, 200 lb, 1994-08-17,	Kentucky+F,	55,	Jefferson, Cory,	6 ft 9 in, 218 lb, 1990-12-26,	Baylor+G,	3,	Knight, Brandon, 6 ft 3 in, 189 lb, 1991-12-02,	Kentucky+C,	21,	Len, Alex,	7 ft 1 in, 260 lb, 1993-06-16,	Maryland+F/C,	30,	Leuer, Jon,	6 ft 10 in, 228 lb, 1989-05-14,	Wisconsin+F,	11,	Morris, Markieff,	6 ft 10 in, 245 lb, 1989-09-02,	Kansas+G,	14,	Price, Ronnie,	6 ft 2 in, 190 lb, 1983-06-21,	Utah Valley State+F,	35,	Teletović, Mirza,	6 ft 9 in, 242 lb, 1985-09-17,	Bosnia and Herzegovina+F,	17,	Tucker, P. J.,	6 ft 6 in, 245 lb, 1985-05-05,	Texas+F,	12,	Warren, T. J.,	6 ft 8 in, 230 lb, 1993-09-05,	North Carolina +G/F,	10,	Weems, Sonny,	6 ft 6 in, 205 lb, 1986-07-08,	Arkansas
Portland Trail Blazers,Terry Stotts,2,Northwest+F,	34,	Alexander, Cliff,	6 ft 9 in,	240 lb, 1995-11-16,	Kansas+F,	8,	Aminu, Al-Farouq,	6 ft 9 in ,215 lb, 1990-09-21,	Wake Forest+G,	5,	Connaughton, Pat,	6 ft 5 in,	206 lb, 1993-01-06,	Notre Dame+F,	23,	Crabbe, Allen,	6 ft 6 in, 210 lb, 1992-04-09,	California+F,	17,	Davis, Ed,	6 ft 10 in, 240 lb, 1989-06-05,	North Carolina+G,	10,	Frazier, Tim,	6 ft 1 in, 170 lb, 1990-11-01,	Penn State+F,	4,	Harkless, Maurice,	6 ft 9 in, 215 lb, 1993-05-11,	St. John's+G,	9,	Henderson, Gerald,	6 ft 5 in, 215 lb (98 kg),	1987-12-09,	Duke+C,	35,	Kaman, Chris,	7 ft 0 in, 265 lb, 1982-04-28,	Central Michigan+C,	11,	Leonard, Meyers,	7 ft 1 in, 245 lb, 1992-02-27,	Illinois+G,	0,	Lillard, Damian, 6 ft 3 in, 195 lb, 1990-07-15,	Weber State+G,	3,	McCollum, C. J.,	6 ft 4 in, 200 lb, 1991-09-19,	Lehigh+G,	44,	Montero, Luis,	6 ft 7 in, 185 lb, 1993-04-06,	Westchester CC+C,	24,	Plumlee, Mason,	6 ft 11 in, 235 lb, 1990-03-05,	Duke+F,	21,	Vonleh, Noah,	6 ft 10 in, 240 lb, 1995-08-24,	Indiana
Sacramento Kings,Geroge Karl,2,Pacific+F,	13,	Acy, Quincy,	6 ft 7 in, 240 lb, 1990-10-06,	Baylor+G/F,	5,	Anderson, James,	6 ft 6 in, 213 lb, 1989-03-25,	Oklahoma State+G,	3,	Belinelli, Marco,	6 ft 5 in, 210 lb, 1986-03-25,	Italy+F,	31,	Butler, Caron,	6 ft 7 in, 228 lb, 1980-03-13,	Connecticut+F,	18,	Casspi, Omri,	6 ft 9 in, 225 lb, 1988-06-22,	Israel+C,	00,	Cauley-Stein, Willie,	7 ft 0 in, 240 lb, 1993-08-18,	Kentucky+G,	7,	Collison, Darren,	6 ft 0 in, 175 lb, 1987-08-23,	UCLA+C,	15,	Cousins, DeMarcus,	6 ft 11 in, 270 lb, 1990-08-13,	Kentucky+G,	30,	Curry, Seth,	6 ft 2 in, 185 lb, 1990-08-23,	Duke+F,	26,	Dukan, Duje,	6 ft 10 in, 218 lb, 1991-12-04,	Wisconsin+F,	8,	Gay, Rudy,	6 ft 8 in, 230 lb, 1986-08-17,	Connecticut+C,	41,	Koufos, Kosta,	7 ft 0 in, 265 lb ,1989-02-24,	Ohio State+G,	23,	McLemore, Ben,	6 ft 5 in, 195 lb, 1993-02-11,	Kansas+F/C,	25,	Moreland, Eric, 6 ft 10 in, 238 lb, 1991-12-24,	Oregon State+G,	9,	Rondo, Rajon, 6 ft 1 in, 186 lb, 1986-02-22,	Kentucky
San Antonio Spurs,Gregg Popovich,2,Southwest +F/C,	12,	Aldridge, LaMarcus,	6 ft 11 in, 240 lb, 1985-07-19,	Texas+F,	1,	Anderson, Kyle,	6 ft 9 in, 230 lb, 1993-09-20,	UCLA+C,	15,	Bonner, Matt,	6 ft 10 in, 235 lb, 1980-04-05,	Florida+G,	18,	Butler, Rasual,	6 ft 7 in,	215 lb,	1979-05-23,	La Salle+F/C,	33,	Diaw, Boris,	6 ft 8 in, 250 lb, 1982-04-16,	National Institute of Sport and Physical Education - France+F/C,	21,	Duncan, Tim, 6 ft 11 in, 255 lb, 1976-04-25,	Wake Forest+G,	20,	Ginóbili, Manu, 6 ft 6 in, 205 lb, 1977-07-28,	Argentina+G/F,	14,	Green, Danny,	6 ft 6 in, 215 lb, 1987-06-22,	North Carolina+F,	2,	Leonard, Kawhi,	6 ft 7 in, 230 lb, 1991-06-29,	San Diego State+C,	40,	Marjanović, Boban,	7 ft 3 in, 290 lb, 1988-08-15,	Serbia+G,	3,	McCallum, Ray,	6 ft 3 in, 190 lb,	1991-06-12,	Detroit+G,	8,	Mills, Patty,	6 ft 0 in, 185 lb, 1988-08-11,	Saint Mary's+G,	9,	Parker, Tony, 6 ft 2 in, 185 lb, 1982-05-17,	National Institute of Sport and Physical Education - France+G,	17,	Simmons, Jonathon,	6 ft 6 in, 195 lb, 1989-09-14,	Houston+F,	30,	West, David,	6 ft 9 in, 250 lb, 1980-08-29,	Xavier
Toronto Raptors,Dwane Casey,1,Atlantic +F,	15,	Bennett, Anthony,	6 ft 8 in,	245 lb,	1993-03-14,	UNLV+C,	8,	Biyombo, Bismack,	6 ft 9 in,	245 lb,	1992-08-28,	Democratic Republic of Congo+F,	20,	Caboclo, Bruno,	6 ft 9 in,	205 lb,	1995-09-21,	Brazil+F,	5,	Carroll, DeMarre,	6 ft 8 in,	212 lb,	1986-07-27,	Missouri+G/F,	10,	DeRozan, DeMar, 6 ft 7 in, 	220 lb,	1989-08-07,	Southern California+F,	3,	Johnson, James,	6 ft 9 in,	250 lb,	1987-02-20,	Wake Forest+G,	6,	Joseph, Cory,	6 ft 3 in,	190 lb,	1991-08-20,	Texas+G,	7,	Lowry, Kyle,	6 ft 0 in,	205 lb,	1986-03-25,	Villanova+C,	92,	Nogueira, Lucas,	7 ft 0 in,	220 lb,	1992-07-26,	Brazil+F/C,	54,	Patterson, Patrick,	6 ft 9 in,	235 lb,	1989-03-14,	Kentucky+G,	24,	Powell, Norman,	6 ft 4 in,	215 lb,	1993-05-25,	UCLA+G/F,	31,	Ross, Terrence,	6 ft 7 in,	195 lb,	1991-02-05,	Washington+F,	4,	Scola, Luis,	6 ft 9 in,	240 lb,	1980-04-30,	Argentina+C,	17,	Valančiūnas, Jonas,	7 ft 0 in,	255 lb,	1992-05-06,	Lithuania+G,	55,	Wright, Delon,	6 ft 5 in,	190 lb,	1992-04-26,	Utah
Utah Jazz,Quin Snyder,2,Northwest+F,	33,	Booker, Trevor,	6 ft 8 in, 228 lb, 1987-11-25,	Clemson+G,	3,	Burke, Trey,	6 ft 1 in, 191 lb, 1992-11-12,	Michigan+G,	10,	Burks, Alec, 6 ft 6 in, 214 lb, 1991-07-20,	Colorado+G,	11,	Exum, Dante, 6 ft 6 in, 190 lb, 1995-07-13,	Lake Ginninderra (AUS)+F/C,	15,	Favors, Derrick, 6 ft 10 in, 265 lb, 1991-07-15,	Georgia Tech+C,	27,	Gobert, Rudy,	7 ft 1 in, 245 lb, 1992-06-26,	France+G,	18,	Green, Erick,	6 ft 4 in, 185 lb, 1991-05-09,	Virginia Tech+G/F,	20,	Hayward, Gordon, 6 ft 8 in, 226 lb, 1990-03-23,	Butler+F,	5,	Hood, Rodney,	6 ft 8 in, 206 lb, 1992-10-20,	Duke+G/F,	2,	Ingles, Joe,	6 ft 8 in, 226 lb, 1987-10-02,	Lake Ginninderra (AUS)+G/F,	23,	Johnson, Chris,	6 ft 6 in, 206 lb, 1990-04-29,	Dayton+F,	41,	Lyles, Trey,	6 ft 10 in, 234 lb, 1995-11-05,	Kentucky+G,	25,	Neto, Raul,	6 ft 2 in, 179 lb, 1992-05-19,	Brazil+C,	21,	Pleiß, Tibor,	7 ft 3 in, 256 lb, 1989-11-02,	Germany+C,	24,	Withey, Jeff,	7 ft 0 in, 231 lb, 1990-03-07,	Kansas
Washington Wizards,Randy Wittman,2,Southeast+G/F,	6,	Anderson, Alan,	6 ft 6 in, 220 lb, 1982-10-16,	Michigan State+G,	3,	Beal, Bradley,	6 ft 5 in, 207 lb, 1993-06-28,	Florida+C,	45,	Blair, DeJuan,	6 ft 7 in, 270 lb , 1989-04-22,	Pittsburgh+G/F,	1,	Dudley, Jared,	6 ft 7 in, 225 lb, 1985-07-10,	Boston College+F,	8,	Eddie, Jarell,	6 ft 7 in, 218 lb, 1991-10-30,	Virginia Tech+F/C,	90,	Gooden, Drew,	6 ft 10 in, 250 lb, 1981-09-24,	Kansas+C,	13,	Gortat, Marcin, 6 ft 11 in, 240 lb, 1984-02-17,	Poland+F,	43,	Humphries, Kris,	6 ft 9 in, 235 lb, 1985-02-06,	Minnesota+G,	14,	Neal, Gary,	6 ft 4 in, 210 lb, 1984-10-03,	Towson+F/C, 42, Nenê, Maybyner ,6 ft 11 in, 250 lb, 1982-09-13,	Brazil+G/F,	12,	Oubre Jr., Kelly,	6 ft 7 in, 205 lb, 1995-12-09,	Kansas+F,	22,	Porter, Otto,	6 ft 8 in, 198 lb, 1993-06-03,	Georgetown+G,	7,	Sessions, Ramon,	6 ft 3 in, 190 lb, 1986-04-11,	Nevada+G,	17,	Temple, Garrett,	6 ft 6 in, 195 lb, 1986-05-08,	LSU+G,	2,	Wall, John, 6 ft 4 in, 195 lb, 1990-09-06,	Kentucky